{"cameraMode":{"drawMode":0,"name":"Shaded","section":"Shading Mode"},"sceneLighting":true,"audioPlay":false,"sceneViewState":{"m_AlwaysRefresh":true,"showFog":true,"showSkybox":true,"showFlares":true,"showImageEffects":true,"showParticleSystems":true,"showVisualEffectGraphs":true,"m_FxEnabled":true},"in2DMode":false,"pivot":{"x":-1.2448976039886475,"y":1.8369826078414918,"z":0.12499940395355225},"rotation":{"x":0.02471494860947132,"y":0.5537046790122986,"z":0.01644505001604557,"w":-0.8321888446807861},"size":2.1073949337005617,"orthographic":false}